video_id,frame_id,target_detected,landmark_0_x,landmark_0_y,landmark_0_z,landmark_0_visibility,landmark_1_x,landmark_1_y,landmark_1_z,landmark_1_visibility,landmark_2_x,landmark_2_y,landmark_2_z,landmark_2_visibility,landmark_3_x,landmark_3_y,landmark_3_z,landmark_3_visibility,landmark_4_x,landmark_4_y,landmark_4_z,landmark_4_visibility,landmark_5_x,landmark_5_y,landmark_5_z,landmark_5_visibility,landmark_6_x,landmark_6_y,landmark_6_z,landmark_6_visibility,landmark_7_x,landmark_7_y,landmark_7_z,landmark_7_visibility,landmark_8_x,landmark_8_y,landmark_8_z,landmark_8_visibility,landmark_9_x,landmark_9_y,landmark_9_z,landmark_9_visibility,landmark_10_x,landmark_10_y,landmark_10_z,landmark_10_visibility,landmark_11_x,landmark_11_y,landmark_11_z,landmark_11_visibility,landmark_12_x,landmark_12_y,landmark_12_z,landmark_12_visibility,landmark_13_x,landmark_13_y,landmark_13_z,landmark_13_visibility,landmark_14_x,landmark_14_y,landmark_14_z,landmark_14_visibility,landmark_15_x,landmark_15_y,landmark_15_z,landmark_15_visibility,landmark_16_x,landmark_16_y,landmark_16_z,landmark_16_visibility,landmark_17_x,landmark_17_y,landmark_17_z,landmark_17_visibility,landmark_18_x,landmark_18_y,landmark_18_z,landmark_18_visibility,landmark_19_x,landmark_19_y,landmark_19_z,landmark_19_visibility,landmark_20_x,landmark_20_y,landmark_20_z,landmark_20_visibility,landmark_21_x,landmark_21_y,landmark_21_z,landmark_21_visibility,landmark_22_x,landmark_22_y,landmark_22_z,landmark_22_visibility,landmark_23_x,landmark_23_y,landmark_23_z,landmark_23_visibility,landmark_24_x,landmark_24_y,landmark_24_z,landmark_24_visibility,landmark_25_x,landmark_25_y,landmark_25_z,landmark_25_visibility,landmark_26_x,landmark_26_y,landmark_26_z,landmark_26_visibility,landmark_27_x,landmark_27_y,landmark_27_z,landmark_27_visibility,landmark_28_x,landmark_28_y,landmark_28_z,landmark_28_visibility,landmark_29_x,landmark_29_y,landmark_29_z,landmark_29_visibility,landmark_30_x,landmark_30_y,landmark_30_z,landmark_30_visibility,landmark_31_x,landmark_31_y,landmark_31_z,landmark_31_visibility,landmark_32_x,landmark_32_y,landmark_32_z,landmark_32_visibility
U19_v2,1,1,0.4323559105396271,0.40280410647392273,-0.23559685051441193,0.9960468411445618,0.4354037344455719,0.39935022592544556,-0.2168869823217392,0.9879637956619263,0.4379233419895172,0.3993452787399292,-0.21700602769851685,0.9883303642272949,0.4403965175151825,0.39934301376342773,-0.2171279639005661,0.9876440167427063,0.4277830421924591,0.3999343812465668,-0.2200014740228653,0.9870725870132446,0.42519843578338623,0.40026336908340454,-0.21996988356113434,0.9870872497558594,0.422428697347641,0.4006211459636688,-0.21997825801372528,0.985289990901947,0.44335079193115234,0.4020876884460449,-0.10122572630643845,0.9788773655891418,0.418577641248703,0.4034411311149597,-0.11572308093309402,0.9555405378341675,0.43788206577301025,0.40704476833343506,-0.19141218066215515,0.9953787326812744,0.42808645963668823,0.40771323442459106,-0.1960524022579193,0.9949729442596436,0.4684559404850006,0.42320093512535095,-0.042604368180036545,0.9997523427009583,0.40286722779273987,0.4316290616989136,-0.0611269436776638,0.9996362924575806,0.4998127520084381,0.450199156999588,-0.10253924876451492,0.953722357749939,0.4088766574859619,0.4593976140022278,-0.13126413524150848,0.9110843539237976,0.48722273111343384,0.4506034851074219,-0.2866094410419464,0.9211881160736084,0.41808849573135376,0.4663477838039398,-0.3183155655860901,0.9055989384651184,0.4864295423030853,0.4516601264476776,-0.3320968449115753,0.8564356565475464,0.4189179241657257,0.46893948316574097,-0.36134961247444153,0.8797634840011597,0.4817322790622711,0.44749343395233154,-0.33499160408973694,0.8556674718856812,0.42324140667915344,0.4642127752304077,-0.36965423822402954,0.8827013969421387,0.4809000790119171,0.4475248456001282,-0.29208827018737793,0.8301510810852051,0.4246249198913574,0.46305781602859497,-0.32563281059265137,0.8451502323150635,0.4722002148628235,0.48418065905570984,0.006428789813071489,0.9998288154602051,0.4313662648200989,0.48874467611312866,-0.006301220506429672,0.9999502897262573,0.4811592102050781,0.5283138751983643,0.0009768244344741106,0.7899352312088013,0.45481497049331665,0.5330591201782227,-0.06160086393356323,0.883259117603302,0.4641946256160736,0.5161085724830627,0.38649970293045044,0.11347785592079163,0.47581544518470764,0.5669621825218201,0.09269072115421295,0.8811913728713989,0.4572073519229889,0.5094572305679321,0.4277462959289551,0.2895945608615875,0.48268088698387146,0.5725977420806885,0.10744326561689377,0.7930899858474731,0.4596557021141052,0.5245118141174316,0.4121890068054199,0.1408466100692749,0.4735991060733795,0.5783672332763672,0.018846318125724792,0.8144670128822327
U19_v2,2,1,0.4241974353790283,0.4006410241127014,-0.24695348739624023,0.9975835084915161,0.42875006794929504,0.39709043502807617,-0.22689509391784668,0.9944307208061218,0.43147000670433044,0.3971250057220459,-0.2270030975341797,0.9945381283760071,0.43397530913352966,0.39722055196762085,-0.22711753845214844,0.9946094751358032,0.42005911469459534,0.3975600004196167,-0.22991052269935608,0.9923262596130371,0.41693562269210815,0.3978702425956726,-0.22986724972724915,0.992098331451416,0.41385748982429504,0.3982207775115967,-0.22987443208694458,0.9900218844413757,0.43724802136421204,0.40040865540504456,-0.10461057722568512,0.9921352863311768,0.41080567240715027,0.40107065439224243,-0.11846096068620682,0.9678210020065308,0.43005821108818054,0.40519022941589355,-0.20075994729995728,0.9979074001312256,0.41876980662345886,0.4056474566459656,-0.20525836944580078,0.9966676831245422,0.46199947595596313,0.4231427311897278,-0.0534113273024559,0.9997816681861877,0.397230863571167,0.4301145076751709,-0.07491417974233627,0.9992375373840332,0.4929165840148926,0.451642781496048,-0.147847518324852,0.9469035267829895,0.41228586435317993,0.4593586325645447,-0.1840687096118927,0.8355027437210083,0.4798814356327057,0.4488251507282257,-0.35150760412216187,0.9310806393623352,0.4172356128692627,0.4577901363372803,-0.3853381276130676,0.8896450996398926,0.47873473167419434,0.44817593693733215,-0.3995479941368103,0.8769297003746033,0.41470903158187866,0.45888641476631165,-0.42891839146614075,0.8752148747444153,0.4737713038921356,0.4449547529220581,-0.3974880278110504,0.8757897019386292,0.415370374917984,0.45378053188323975,-0.4352400302886963,0.878529965877533,0.4731861352920532,0.4452264904975891,-0.35544508695602417,0.8530899286270142,0.4177488386631012,0.4530850648880005,-0.39253562688827515,0.8417176008224487,0.4653156101703644,0.48667970299720764,0.004253855440765619,0.9998767375946045,0.42517316341400146,0.4913993775844574,-0.004214334301650524,0.9999226331710815,0.4800359010696411,0.5310690999031067,-0.005121977999806404,0.8535969853401184,0.44784238934516907,0.5347391963005066,0.045168258249759674,0.8653038144111633,0.4667462110519409,0.5098162889480591,0.4078337848186493,0.08539064973592758,0.46717432141304016,0.5643949508666992,0.26100918650627136,0.818991482257843,0.47258731722831726,0.5037640929222107,0.45373350381851196,0.25448325276374817,0.4722137153148651,0.5716673731803894,0.28376874327659607,0.745843768119812,0.46904677152633667,0.5220835208892822,0.4604308009147644,0.10308853536844254,0.46429404616355896,0.5774050354957581,0.22292748093605042,0.7050343155860901
U19_v2,3,0,,,,,,,,,,,,,,,,,,,,,,,,,,,,,,,,,,,,,,,,,,,,,,,,,,,,,,,,,,,,,,,,,,,,,,,,,,,,,,,,,,,,,,,,,,,,,,,,,,,,,,,,,,,,,,,,,,,,,,,,,,,,,,,,,,,,
U19_v2,4,1,0.40117180347442627,0.3995335102081299,-0.2284385859966278,0.9951436519622803,0.405282586812973,0.39620888233184814,-0.21614332497119904,0.9934644103050232,0.4077330231666565,0.3960888385772705,-0.21623024344444275,0.9944077730178833,0.41063192486763,0.39597541093826294,-0.21634306013584137,0.9942111372947693,0.40049493312835693,0.39681220054626465,-0.20938561856746674,0.9876276254653931,0.3996402621269226,0.3971143662929535,-0.20942024886608124,0.9865720272064209,0.39869001507759094,0.3974294662475586,-0.20948532223701477,0.9820241332054138,0.41744548082351685,0.3985178470611572,-0.13292105495929718,0.9972221851348877,0.40134701132774353,0.4013548195362091,-0.0999249666929245,0.9392238259315491,0.4077172577381134,0.4041520655155182,-0.1968793421983719,0.9987598657608032,0.4016192555427551,0.4043232500553131,-0.18774501979351044,0.9947473406791687,0.4555545747280121,0.42342716455459595,-0.09688061475753784,0.9993543028831482,0.3861621022224426,0.4314897358417511,-0.03601482883095741,0.9915692210197449,0.48272114992141724,0.450810968875885,-0.1834683120250702,0.9642235636711121,0.3910558223724365,0.4611559212207794,-0.1428530514240265,0.536893367767334,0.4728224277496338,0.4514339864253998,-0.34003177285194397,0.8637705445289612,0.39388811588287354,0.4459453821182251,-0.37954792380332947,0.7337910532951355,0.4710891544818878,0.45136886835098267,-0.3766807019710541,0.7844810485839844,0.3944932222366333,0.44228553771972656,-0.4208236634731293,0.7279062271118164,0.46740591526031494,0.4479271471500397,-0.37711694836616516,0.7825186848640442,0.3917153477668762,0.43868640065193176,-0.42421406507492065,0.720736026763916,0.46710050106048584,0.44783517718315125,-0.34229162335395813,0.7312517762184143,0.39418596029281616,0.4397720992565155,-0.38738754391670227,0.6583226323127747,0.4542121887207031,0.4836837351322174,-0.02795964851975441,0.9997939467430115,0.4111901819705963,0.48725783824920654,0.02805742435157299,0.9996960163116455,0.45312610268592834,0.520628809928894,-0.1655881404876709,0.9800941348075867,0.4238610863685608,0.536353349685669,0.039708320051431656,0.9037131667137146,0.4544810354709625,0.5293285250663757,0.18541307747364044,0.6324279308319092,0.44634658098220825,0.5648727416992188,0.3023932874202728,0.897178590297699,0.4530564248561859,0.52652508020401,0.22047877311706543,0.544685959815979,0.4530623257160187,0.5696535110473633,0.3263055682182312,0.7927390336990356,0.45718711614608765,0.5500367283821106,0.18074218928813934,0.6776862144470215,0.4368119239807129,0.5783618092536926,0.25519829988479614,0.8474705219268799
U19_v2,5,1,0.4116200804710388,0.3929941952228546,-0.250049352645874,0.9915156364440918,0.4136979281902313,0.3893064856529236,-0.22723034024238586,0.9858668446540833,0.4161815941333771,0.38935723900794983,-0.2273118793964386,0.9827480912208557,0.4183531701564789,0.3894357681274414,-0.22741560637950897,0.9851803779602051,0.40609750151634216,0.38958436250686646,-0.23463834822177887,0.9776501655578613,0.4030500650405884,0.3898009955883026,-0.23466238379478455,0.9739883542060852,0.39992615580558777,0.39005500078201294,-0.23473471403121948,0.9707484245300293,0.4182756543159485,0.39238256216049194,-0.10322533547878265,0.9668614864349365,0.39422252774238586,0.39315545558929443,-0.13456162810325623,0.909503698348999,0.4157530963420868,0.3979948163032532,-0.20304051041603088,0.9858502745628357,0.4065118134021759,0.3989529609680176,-0.21224842965602875,0.9663358926773071,0.44268640875816345,0.42013925313949585,-0.03279818221926689,0.9968686699867249,0.38670414686203003,0.4167907238006592,-0.1389508843421936,0.9710376858711243,0.4614284932613373,0.443820595741272,-0.0860435739159584,0.44520533084869385,0.38983961939811707,0.4170437455177307,-0.34565046429634094,0.9329598546028137,0.4689326286315918,0.4513499140739441,-0.2297598123550415,0.6502426266670227,0.40859103202819824,0.39189237356185913,-0.541408360004425,0.9332963824272156,0.4730145335197449,0.45303159952163696,-0.26255977153778076,0.5906891226768494,0.4104449152946472,0.38571614027023315,-0.5914472341537476,0.8853715658187866,0.4687323570251465,0.4505733251571655,-0.27738678455352783,0.6264162659645081,0.40385136008262634,0.38259226083755493,-0.5810590386390686,0.8807850480079651,0.4667266607284546,0.4502158761024475,-0.24029573798179626,0.5850031971931458,0.4040873050689697,0.38357043266296387,-0.5439459681510925,0.8400796055793762,0.4442788064479828,0.48768311738967896,0.0187889002263546,0.9997684359550476,0.4108654260635376,0.4908846914768219,-0.018760161474347115,0.9993745684623718,0.44414249062538147,0.5219717621803284,-0.05605921521782875,0.8984574675559998,0.430558443069458,0.5302616953849792,0.09973915666341782,0.6650807857513428,0.43502557277679443,0.5588093996047974,0.13816556334495544,0.7900295257568359,0.4381001889705658,0.5561293959617615,0.41698670387268066,0.533018171787262,0.42949584126472473,0.5652217268943787,0.15600787103176117,0.734774112701416,0.4402368366718292,0.5598151087760925,0.44630247354507446,0.34432274103164673,0.43829646706581116,0.5724003314971924,0.05551855266094208,0.8287189602851868,0.4451256990432739,0.5765137076377869,0.36176151037216187,0.5645859837532043
U19_v2,6,1,0.40540406107902527,0.39085981249809265,-0.3107569217681885,0.9936069250106812,0.40689030289649963,0.38708314299583435,-0.294317364692688,0.9938592314720154,0.40923911333084106,0.3872317671775818,-0.2943823039531708,0.9921422004699707,0.41152432560920715,0.38737425208091736,-0.29449450969696045,0.9947550296783447,0.39923280477523804,0.38699543476104736,-0.29701510071754456,0.9882016777992249,0.396083265542984,0.3871568441390991,-0.29704177379608154,0.982368528842926,0.39255577325820923,0.387423574924469,-0.2971034049987793,0.9827332496643066,0.4127265214920044,0.3909757733345032,-0.18649737536907196,0.9834096431732178,0.38535022735595703,0.3919510841369629,-0.19588595628738403,0.9731237292289734,0.4101581275463104,0.39629676938056946,-0.26828545331954956,0.9966385364532471,0.39934906363487244,0.3971094489097595,-0.2710690498352051,0.9925859570503235,0.44132062792778015,0.4212188422679901,-0.1279446929693222,0.9989489912986755,0.37410423159599304,0.41262152791023254,-0.17845681309700012,0.9952760934829712,0.46803855895996094,0.4528602957725525,-0.24471019208431244,0.8306829929351807,0.36957883834838867,0.38687407970428467,-0.24017180502414703,0.9915347695350647,0.4663129150867462,0.45473524928092957,-0.4644034802913666,0.7806794047355652,0.393953800201416,0.35296759009361267,-0.23203574120998383,0.9557706713676453,0.4697437882423401,0.45488131046295166,-0.5104523301124573,0.7248013019561768,0.39110684394836426,0.3423949182033539,-0.26743870973587036,0.8536859750747681,0.46458443999290466,0.45004311203956604,-0.5267196297645569,0.7434137463569641,0.3977656960487366,0.34481069445610046,-0.2573050856590271,0.8390401601791382,0.46209490299224854,0.4500788450241089,-0.4770442247390747,0.7117090225219727,0.3997974693775177,0.3477291762828827,-0.23191747069358826,0.8319512009620667,0.4427136182785034,0.4911227226257324,0.002260638866573572,0.999921441078186,0.4038034975528717,0.4924413561820984,-0.0022022586781531572,0.9997438788414001,0.43578827381134033,0.5360407829284668,0.11754956841468811,0.9785393476486206,0.4243093430995941,0.5353327989578247,0.19863097369670868,0.8780346512794495,0.43497467041015625,0.5794706344604492,0.33318665623664856,0.9596924185752869,0.4237401485443115,0.5309740900993347,0.6510568857192993,0.42742279171943665,0.4336286187171936,0.5827932357788086,0.35581350326538086,0.8746379613876343,0.42322275042533875,0.5269151329994202,0.6982168555259705,0.3950289785861969,0.4261897802352905,0.5947859287261963,0.25980308651924133,0.9446078538894653,0.4238077998161316,0.5402601957321167,0.6699128746986389,0.4995611608028412
U19_v2,7,1,0.4007076025009155,0.3928097188472748,-0.23354607820510864,0.999340832233429,0.4048527181148529,0.3884182870388031,-0.21627812087535858,0.9993046522140503,0.4082317054271698,0.3884558379650116,-0.21633797883987427,0.9989810585975647,0.41125065088272095,0.3885166645050049,-0.21643610298633575,0.9994961023330688,0.39467132091522217,0.38875314593315125,-0.2115892916917801,0.9981655478477478,0.3910478949546814,0.3889511227607727,-0.21158604323863983,0.9965702295303345,0.3876762092113495,0.3891487419605255,-0.2116122990846634,0.9973276853561401,0.4157578945159912,0.391076922416687,-0.11042217910289764,0.9983023405075073,0.38351184129714966,0.39238595962524414,-0.08667653053998947,0.9968583583831787,0.40797385573387146,0.3971346914768219,-0.1941327005624771,0.999757707118988,0.3949447274208069,0.3977018892765045,-0.18727253377437592,0.9992960691452026,0.44379639625549316,0.4239492118358612,-0.05837315693497658,0.9998842477798462,0.36828121542930603,0.4159422814846039,-0.05332917720079422,0.9992062449455261,0.46596693992614746,0.4591970443725586,-0.17705148458480835,0.971989631652832,0.3569217324256897,0.3881133794784546,-0.06248718500137329,0.9942294359207153,0.4561668634414673,0.4566165506839752,-0.40468308329582214,0.9461694955825806,0.3820696175098419,0.35999026894569397,-0.051330726593732834,0.9201061725616455,0.4518939256668091,0.457107812166214,-0.45092228055000305,0.9140468239784241,0.38945722579956055,0.35157012939453125,-0.08355338126420975,0.7385720014572144,0.44706305861473083,0.4530511498451233,-0.467144638299942,0.9188240170478821,0.39149942994117737,0.3515247106552124,-0.07906217873096466,0.7180132269859314,0.4480704367160797,0.4513097405433655,-0.41657400131225586,0.882666289806366,0.3883246183395386,0.354638934135437,-0.05506061390042305,0.7383649349212646,0.44597163796424866,0.49099498987197876,0.0025565451942384243,0.9999179840087891,0.4013493061065674,0.49225878715515137,-0.00247765495441854,0.9996770620346069,0.4368270933628082,0.5501741170883179,0.05749239772558212,0.9882134795188904,0.4142035245895386,0.5456058979034424,0.019642334431409836,0.9768428802490234,0.4329909384250641,0.5988209843635559,0.22684594988822937,0.9880802631378174,0.41132912039756775,0.5181018114089966,0.4382244646549225,0.43570199608802795,0.43020910024642944,0.6029492616653442,0.24218636751174927,0.8982009887695312,0.4157152771949768,0.5144612193107605,0.481240451335907,0.37875738739967346,0.4271000325679779,0.6158790588378906,0.13830028474330902,0.9831954836845398,0.4119786024093628,0.5373567938804626,0.47644367814064026,0.6057525277137756
U19_v2,8,1,0.4003843665122986,0.39063775539398193,-0.21571241319179535,0.9995877146720886,0.40414756536483765,0.38591182231903076,-0.19752371311187744,0.9996564388275146,0.4070742726325989,0.385844886302948,-0.1975986361503601,0.9995313882827759,0.41020840406417847,0.38582906126976013,-0.19771471619606018,0.9997544884681702,0.3951139450073242,0.38628143072128296,-0.19331303238868713,0.9988803267478943,0.3919057846069336,0.3864777684211731,-0.1932867020368576,0.9978461265563965,0.38859397172927856,0.38672998547554016,-0.19328054785728455,0.9981513619422913,0.4136878550052643,0.388680636882782,-0.0886908546090126,0.9993122816085815,0.3852338492870331,0.3903301954269409,-0.06798800826072693,0.9985143542289734,0.40556877851486206,0.39583820104599,-0.1759939342737198,0.9998866319656372,0.39483165740966797,0.39647728204727173,-0.17003771662712097,0.9996658563613892,0.4444845914840698,0.4238821864128113,-0.034072112292051315,0.9999532699584961,0.3638816773891449,0.41434454917907715,-0.03518019616603851,0.9995105266571045,0.46356406807899475,0.46003642678260803,-0.16096198558807373,0.977853000164032,0.3516892194747925,0.3823208808898926,-0.05062025040388107,0.9970867037773132,0.45246773958206177,0.45632749795913696,-0.3948584794998169,0.9724719524383545,0.3812160789966583,0.35869941115379333,-0.032620206475257874,0.9346054196357727,0.4445454478263855,0.45491015911102295,-0.4412253499031067,0.9522993564605713,0.38853028416633606,0.35032182931900024,-0.061304543167352676,0.7600542902946472,0.4418835937976837,0.4494357705116272,-0.4529328942298889,0.9540135860443115,0.3895301818847656,0.35074907541275024,-0.05393454059958458,0.7368665337562561,0.443060964345932,0.4494873881340027,-0.40492722392082214,0.925703227519989,0.38848891854286194,0.3537459969520569,-0.03485878184437752,0.7675837874412537,0.4396910071372986,0.4935639798641205,0.010312063619494438,0.9999339580535889,0.38898345828056335,0.4934244751930237,-0.010181250050663948,0.9996920824050903,0.4355466365814209,0.5559760332107544,0.03446900472044945,0.9931421279907227,0.4051101505756378,0.5544232130050659,-0.050755757838487625,0.9897664189338684,0.4229515492916107,0.6082737445831299,0.18795226514339447,0.9940724968910217,0.40958938002586365,0.5286211967468262,0.35321077704429626,0.4763508439064026,0.41724225878715515,0.6145603656768799,0.20156587660312653,0.9393165707588196,0.41478607058525085,0.5184367299079895,0.3953993320465088,0.35941603779792786,0.4263545572757721,0.6249500513076782,0.10489289462566376,0.9898971319198608,0.4109961688518524,0.5436800122261047,0.40127813816070557,0.6121445298194885
U19_v2,9,1,0.39994755387306213,0.39226454496383667,-0.21681751310825348,0.9961264729499817,0.4030625522136688,0.38672468066215515,-0.19845987856388092,0.9961429238319397,0.406597375869751,0.3866976797580719,-0.1985311359167099,0.9950320720672607,0.40994447469711304,0.38675355911254883,-0.1986716389656067,0.9971674084663391,0.3929046392440796,0.386921763420105,-0.19774065911769867,0.9910464882850647,0.3893428146839142,0.3870738446712494,-0.1977512687444687,0.9858258366584778,0.38601985573768616,0.38743823766708374,-0.1978030651807785,0.9897555708885193,0.41352149844169617,0.3898826241493225,-0.08844378590583801,0.9913550019264221,0.3813055455684662,0.39099764823913574,-0.08472389727830887,0.9927880167961121,0.4074943959712982,0.39754942059516907,-0.17536605894565582,0.997389018535614,0.3937610685825348,0.3984141945838928,-0.17418020963668823,0.9956159591674805,0.44016849994659424,0.4224001169204712,-0.062186166644096375,0.999561607837677,0.3614785075187683,0.4174264073371887,-0.05267280340194702,0.9980317950248718,0.45610490441322327,0.4540475308895111,-0.21926985681056976,0.9556592702865601,0.33339497447013855,0.3886958658695221,-0.049425140023231506,0.9913880228996277,0.41049498319625854,0.44103872776031494,-0.42153260111808777,0.950842022895813,0.37585026025772095,0.3652944564819336,0.05625010281801224,0.8220506310462952,0.39757171273231506,0.4389466941356659,-0.4660746455192566,0.9143662452697754,0.38253504037857056,0.36273515224456787,0.043927110731601715,0.5355381965637207,0.3971388041973114,0.43381267786026,-0.4625822901725769,0.9138615131378174,0.38547712564468384,0.3639400601387024,0.05906608700752258,0.513477087020874,0.39927640557289124,0.43395549058914185,-0.425008624792099,0.8728708028793335,0.384291410446167,0.36556798219680786,0.05937148258090019,0.5764049291610718,0.4409354627132416,0.5015602707862854,-0.0014370328281074762,0.9997925162315369,0.38657623529434204,0.5018504858016968,0.0015152950072661042,0.9996885061264038,0.43343818187713623,0.558775782585144,0.027811935171484947,0.9600157737731934,0.38896554708480835,0.5550629496574402,-0.2349804937839508,0.969607412815094,0.41744092106819153,0.6060239672660828,0.3079398572444916,0.9561772346496582,0.4116970896720886,0.5382294058799744,0.2262314409017563,0.26287662982940674,0.4098585247993469,0.6123636960983276,0.3376014530658722,0.8228892683982849,0.4160212576389313,0.521698534488678,0.2776978015899658,0.25227105617523193,0.4225592613220215,0.6222386956214905,0.2771974205970764,0.9409560561180115,0.4097694158554077,0.5561063289642334,0.2959069013595581,0.35439345240592957
U19_v2,10,1,0.3967503607273102,0.38593047857284546,-0.24342228472232819,0.9924047589302063,0.4021100103855133,0.38258594274520874,-0.22140364348888397,0.9901162981987,0.4056522250175476,0.3829340934753418,-0.22145795822143555,0.9870931506156921,0.4090324938297272,0.38334226608276367,-0.22154073417186737,0.9935378432273865,0.39138859510421753,0.382183313369751,-0.2206597477197647,0.9821210503578186,0.3870144784450531,0.38226163387298584,-0.22063854336738586,0.9694952368736267,0.3830628991127014,0.382351279258728,-0.22068947553634644,0.9787794947624207,0.41300472617149353,0.38719838857650757,-0.10469309240579605,0.9688789248466492,0.37779152393341064,0.3857885003089905,-0.10186363756656647,0.9711968898773193,0.40374377369880676,0.39259427785873413,-0.20134799182415009,0.9948509335517883,0.3892962336540222,0.392060250043869,-0.20064562559127808,0.9925665855407715,0.44030895829200745,0.4194294214248657,-0.07631219178438187,0.99937903881073,0.35737934708595276,0.41639024019241333,-0.052679937332868576,0.994780957698822,0.45814788341522217,0.45545899868011475,-0.22738806903362274,0.9741383194923401,0.31914472579956055,0.3965552747249603,-0.08157012611627579,0.9822299480438232,0.4030711352825165,0.4367908835411072,-0.4179617762565613,0.9713678956031799,0.36235561966896057,0.37629377841949463,-0.08353296667337418,0.7667376399040222,0.387001633644104,0.43304890394210815,-0.46340423822402954,0.9404240846633911,0.3733275830745697,0.373399555683136,-0.11011257022619247,0.5000483989715576,0.3866264820098877,0.42801666259765625,-0.45194369554519653,0.938157320022583,0.37830930948257446,0.37456268072128296,-0.09443973004817963,0.4753640592098236,0.38924849033355713,0.4289916455745697,-0.41702815890312195,0.8971726298332214,0.3756822645664215,0.37619131803512573,-0.08137667924165726,0.48988404870033264,0.43553295731544495,0.4984235167503357,0.0018918324494734406,0.999769389629364,0.3829280436038971,0.49715572595596313,-0.0018888928461819887,0.9992546439170837,0.4234662652015686,0.5581443309783936,0.06008920446038246,0.9611013531684875,0.3891527056694031,0.5438182353973389,-0.027447693049907684,0.9114801287651062,0.40533891320228577,0.6077321767807007,0.2687129080295563,0.9606894850730896,0.3876459002494812,0.548811674118042,0.39955803751945496,0.34987378120422363,0.4024686813354492,0.613737165927887,0.2880231738090515,0.7757592797279358,0.3924925625324249,0.5454795956611633,0.44312259554862976,0.24937817454338074,0.40917402505874634,0.6240341067314148,0.18103523552417755,0.9566097855567932,0.3874903619289398,0.5723821520805359,0.4076369106769562,0.5263413190841675
U19_v2,11,1,0.39359062910079956,0.38323816657066345,-0.19082342088222504,0.9946972131729126,0.39937514066696167,0.38009965419769287,-0.1673993617296219,0.9876993894577026,0.40322059392929077,0.38040053844451904,-0.16743062436580658,0.9865627884864807,0.4069380760192871,0.3807096779346466,-0.16744831204414368,0.9895695447921753,0.3877691328525543,0.37983763217926025,-0.16741274297237396,0.9850325584411621,0.38408148288726807,0.3800011873245239,-0.16744445264339447,0.9824696779251099,0.38064125180244446,0.3802630603313446,-0.16748258471488953,0.9851332902908325,0.4119734764099121,0.3842619061470032,-0.05821409076452255,0.95550537109375,0.37713176012039185,0.38428521156311035,-0.058654893189668655,0.9663256406784058,0.40180718898773193,0.3901417851448059,-0.1522374153137207,0.9916192293167114,0.3865290582180023,0.38941657543182373,-0.15246321260929108,0.9886360764503479,0.4408120810985565,0.4168435335159302,-0.06411278247833252,0.9988466501235962,0.3504756987094879,0.4150446653366089,-0.03870195522904396,0.991823136806488,0.44444334506988525,0.44404515624046326,-0.2121421992778778,0.9735967516899109,0.31316274404525757,0.405152291059494,-0.22995662689208984,0.9823355078697205,0.3772507905960083,0.4260922074317932,-0.3371269404888153,0.9816602468490601,0.3530470132827759,0.3776721656322479,-0.41110527515411377,0.9411752223968506,0.3630426228046417,0.4234296977519989,-0.3724261224269867,0.9565553665161133,0.36216485500335693,0.37160804867744446,-0.45554473996162415,0.8555629253387451,0.3598525822162628,0.4190292954444885,-0.35740965604782104,0.9527500867843628,0.3654501736164093,0.3715773820877075,-0.4320718050003052,0.8351184129714966,0.364938884973526,0.4206461012363434,-0.3323465883731842,0.9274316430091858,0.36428433656692505,0.375285267829895,-0.40791285037994385,0.826616644859314,0.43409714102745056,0.49799996614456177,-0.0009080269373953342,0.9996927976608276,0.37807533144950867,0.4958118200302124,0.0008010987075977027,0.9993860721588135,0.41595223546028137,0.556840717792511,-0.01999136619269848,0.9810357093811035,0.38587597012519836,0.534162700176239,-0.12629899382591248,0.9585396647453308,0.3991200029850006,0.6077542901039124,0.16074725985527039,0.9745622873306274,0.3810166120529175,0.5540100932121277,0.2534884214401245,0.5316045880317688,0.3958163857460022,0.6124155521392822,0.17521317303180695,0.7036212682723999,0.38217753171920776,0.5505751967430115,0.2915771007537842,0.3072959780693054,0.3978672921657562,0.624793291091919,0.07205677777528763,0.9585158824920654,0.3794719874858856,0.5756610631942749,0.2561495006084442,0.6276519298553467
U19_v2,12,1,0.3876110315322876,0.38008081912994385,-0.1723329871892929,0.9975374937057495,0.3940533399581909,0.37677162885665894,-0.14806804060935974,0.9935545921325684,0.39800646901130676,0.3769289255142212,-0.1481296718120575,0.9931185245513916,0.4014412760734558,0.37710490822792053,-0.14815860986709595,0.9940086603164673,0.38288983702659607,0.37652528285980225,-0.1474364697933197,0.991496205329895,0.3790787160396576,0.3764798939228058,-0.1474698781967163,0.9911202788352966,0.37571367621421814,0.3764316439628601,-0.14749182760715485,0.9929112792015076,0.4074156582355499,0.3805461823940277,-0.03801717236638069,0.9747149348258972,0.37157291173934937,0.37964320182800293,-0.03411382436752319,0.9701061844825745,0.39521512389183044,0.3859475255012512,-0.1328197568655014,0.9922572374343872,0.380761057138443,0.3858788013458252,-0.13201844692230225,0.991776704788208,0.43103572726249695,0.4102765917778015,-0.058187030255794525,0.9989217519760132,0.3497298061847687,0.41179198026657104,-0.009002693928778172,0.9944614171981812,0.42832669615745544,0.4300333559513092,-0.22409215569496155,0.9753820896148682,0.3237996995449066,0.4161875545978546,-0.20853710174560547,0.9739363193511963,0.36876609921455383,0.4176521599292755,-0.3452869951725006,0.9867515563964844,0.35074421763420105,0.37875330448150635,-0.4216090738773346,0.9689161777496338,0.35221320390701294,0.4158962070941925,-0.38468679785728455,0.9658618569374084,0.35426920652389526,0.36896076798439026,-0.4731703996658325,0.929844319820404,0.3507526218891144,0.4137498736381531,-0.3666556477546692,0.9617793560028076,0.3559738099575043,0.36799389123916626,-0.4542625844478607,0.9229872226715088,0.35592347383499146,0.41342902183532715,-0.33999648690223694,0.9420967102050781,0.3568788468837738,0.37135183811187744,-0.42144152522087097,0.9081648588180542,0.42834195494651794,0.495617538690567,-0.013150167651474476,0.9996461868286133,0.37143072485923767,0.49383631348609924,0.012989584356546402,0.9998726844787598,0.41526854038238525,0.5544602870941162,-0.0010633652564138174,0.9718518257141113,0.3845955729484558,0.5261020064353943,-0.2968136966228485,0.9740989804267883,0.3977130353450775,0.5911464095115662,0.3302268385887146,0.9348262548446655,0.38598984479904175,0.5771006941795349,-0.04697456955909729,0.8806391954421997,0.39349108934402466,0.5949500799179077,0.3595973253250122,0.49286749958992004,0.3868044912815094,0.5793232917785645,-0.024157311767339706,0.5580465197563171,0.386215478181839,0.6142769455909729,0.25195589661598206,0.9071597456932068,0.3797060251235962,0.6046304702758789,-0.13529819250106812,0.9043622016906738
U19_v2,13,1,0.38424384593963623,0.37602704763412476,-0.1431029587984085,0.9981437921524048,0.3899018168449402,0.372170627117157,-0.12135204672813416,0.9962102174758911,0.3929174840450287,0.37250393629074097,-0.12137993425130844,0.9948387742042542,0.3957177996635437,0.3728543519973755,-0.12138263881206512,0.995572566986084,0.37915682792663574,0.3717444837093353,-0.11722737550735474,0.9958920478820801,0.3752800524234772,0.3718031048774719,-0.11725873500108719,0.9948380589485168,0.37148770689964294,0.3719397783279419,-0.11734455823898315,0.9963944554328918,0.4014289677143097,0.37621092796325684,-0.019163820892572403,0.9894084930419922,0.3660077452659607,0.37561818957328796,8.041651017265394e-05,0.9887591600418091,0.39075717329978943,0.38184940814971924,-0.10666361451148987,0.9930219054222107,0.3766390085220337,0.3818318843841553,-0.1013987734913826,0.993471622467041,0.42542243003845215,0.4051569700241089,-0.0317060649394989,0.9899579882621765,0.3456714451313019,0.40664634108543396,0.012769261375069618,0.9957025647163391,0.3873889744281769,0.4133583903312683,-0.17344723641872406,0.8611891269683838,0.33310648798942566,0.4228079617023468,-0.16981936991214752,0.9542213678359985,0.35477885603904724,0.3825632631778717,-0.2589667737483978,0.8916493058204651,0.3550059497356415,0.3806857168674469,-0.3392398953437805,0.949684739112854,0.3478773832321167,0.3716983497142792,-0.2944016456604004,0.8270613551139832,0.3588305413722992,0.3723906874656677,-0.38546958565711975,0.8909276723861694,0.35191187262535095,0.3710266351699829,-0.2857564389705658,0.8150972723960876,0.36039096117019653,0.3715270459651947,-0.3659351170063019,0.8793148398399353,0.3559063971042633,0.37556514143943787,-0.25995272397994995,0.7855098247528076,0.3605239987373352,0.37451887130737305,-0.33935606479644775,0.8573082089424133,0.4240529537200928,0.4878900647163391,-0.004669811576604843,0.9995483756065369,0.3673962652683258,0.4902907609939575,0.004463591147214174,0.9995792508125305,0.4205973744392395,0.545921266078949,-0.09264349937438965,0.9829466342926025,0.3731922209262848,0.5475972294807434,-0.048861242830753326,0.9732282161712646,0.39632895588874817,0.5926458835601807,0.18037083745002747,0.94371497631073,0.383561372756958,0.5974259376525879,0.23142118752002716,0.9332904815673828,0.39313405752182007,0.5966836214065552,0.20369978249073029,0.7003799080848694,0.38724178075790405,0.6040180921554565,0.255611389875412,0.6343387365341187,0.39147430658340454,0.6203183531761169,0.09683439135551453,0.9360645413398743,0.3758050203323364,0.6254770755767822,0.1516871601343155,0.9207245111465454
U19_v2,14,1,0.3741397559642792,0.3782106637954712,-0.20593693852424622,0.9983073472976685,0.3797796070575714,0.37352830171585083,-0.18228544294834137,0.9967557787895203,0.38379496335983276,0.373568058013916,-0.1823398321866989,0.995671272277832,0.38764533400535583,0.37358754873275757,-0.18240982294082642,0.9959772229194641,0.3689779043197632,0.3732561469078064,-0.185642808675766,0.9957927465438843,0.3655443787574768,0.3730805516242981,-0.18566489219665527,0.9952070116996765,0.3622815012931824,0.37290701270103455,-0.18574050068855286,0.9961451292037964,0.3940388262271881,0.3766998052597046,-0.05211356654763222,0.9927398562431335,0.35873788595199585,0.37631547451019287,-0.06567873805761337,0.9874035120010376,0.38135257363319397,0.38409143686294556,-0.1563791036605835,0.994623064994812,0.36811497807502747,0.3837813138961792,-0.16067709028720856,0.993786096572876,0.41919830441474915,0.40268591046333313,-0.01607460342347622,0.9940904974937439,0.3361119031906128,0.41175732016563416,-0.04780060797929764,0.994879961013794,0.3994702398777008,0.4111660122871399,-0.11132610589265823,0.4881611466407776,0.33771875500679016,0.4377586841583252,-0.2105827033519745,0.9209690690040588,0.36946356296539307,0.3989920914173126,-0.1968986839056015,0.5878827571868896,0.36245596408843994,0.39851877093315125,-0.341692715883255,0.8944365382194519,0.3682796359062195,0.39384618401527405,-0.22451573610305786,0.495652437210083,0.36858153343200684,0.38664957880973816,-0.3787432909011841,0.828500509262085,0.36962977051734924,0.39442798495292664,-0.22107361257076263,0.47661569714546204,0.36592546105384827,0.3851796090602875,-0.3651806712150574,0.8147523403167725,0.37314552068710327,0.3950357139110565,-0.199148491024971,0.46390947699546814,0.36719557642936707,0.38695213198661804,-0.3403680920600891,0.7743946313858032,0.42586788535118103,0.4942619502544403,0.010562111623585224,0.9995703101158142,0.3669995665550232,0.49642524123191833,-0.010630224831402302,0.9997524619102478,0.41151782870292664,0.5590830445289612,-0.06656929850578308,0.9810379147529602,0.3626804053783417,0.5634297132492065,-0.044145599007606506,0.9818007946014404,0.40223875641822815,0.5853126645088196,0.371381938457489,0.8566290140151978,0.37038907408714294,0.620367169380188,0.1737186163663864,0.9737666249275208,0.39674705266952515,0.5851171016693115,0.41477343440055847,0.6451687216758728,0.37467044591903687,0.6240164041519165,0.19153934717178345,0.7390564680099487,0.41511398553848267,0.6172074675559998,0.34444600343704224,0.8778150677680969,0.3794058859348297,0.6501353979110718,0.06175610050559044,0.9581742882728577
U19_v2,15,1,0.39502274990081787,0.3918851613998413,-0.20859642326831818,0.9872652292251587,0.3971535563468933,0.38646137714385986,-0.18407303094863892,0.9621196985244751,0.3988402783870697,0.38606786727905273,-0.184128075838089,0.9514530897140503,0.4002416431903839,0.3854905068874359,-0.1842069923877716,0.9498755931854248,0.38769155740737915,0.3865947127342224,-0.20429106056690216,0.9705200791358948,0.3839739263057709,0.3863465487957001,-0.20433039963245392,0.975315511226654,0.3785054087638855,0.38592714071273804,-0.204509899020195,0.9813035726547241,0.39210835099220276,0.38456517457962036,-0.04675006866455078,0.947003185749054,0.365416944026947,0.386099636554718,-0.13657419383525848,0.9486156105995178,0.3972247838973999,0.39709800481796265,-0.1541403830051422,0.9723630547523499,0.383836567401886,0.397159606218338,-0.1807461977005005,0.9706544280052185,0.41966742277145386,0.40844592452049255,0.03161221370100975,0.9944473505020142,0.3300003111362457,0.4225660562515259,-0.13756878674030304,0.9961550831794739,0.4295971393585205,0.43456482887268066,0.13885636627674103,0.2534228563308716,0.3480684757232666,0.442038357257843,-0.34199008345603943,0.9724568128585815,0.41581991314888,0.43868395686149597,0.19218748807907104,0.2753715515136719,0.3745117783546448,0.3987780511379242,-0.5067301392555237,0.9787938594818115,0.417054682970047,0.4417785406112671,0.1975836157798767,0.216295063495636,0.38037872314453125,0.38890373706817627,-0.5549743175506592,0.9608353972434998,0.4137212634086609,0.4396822452545166,0.18268698453903198,0.21647681295871735,0.37299007177352905,0.3859211206436157,-0.5450060963630676,0.9573938250541687,0.4122927784919739,0.43866977095603943,0.18672659993171692,0.23325826227664948,0.37202802300453186,0.39045655727386475,-0.506938636302948,0.930962324142456,0.4254528284072876,0.5070062279701233,0.01478042546659708,0.9990929365158081,0.3671232759952545,0.5107926726341248,-0.014681484550237656,0.999688982963562,0.4008650779724121,0.5699218511581421,-0.01843905821442604,0.9791545271873474,0.35292449593544006,0.5791788697242737,-0.08605774492025375,0.9662122130393982,0.41026178002357483,0.6084919571876526,0.4720553159713745,0.8329430818557739,0.36388731002807617,0.6484029293060303,0.10234379768371582,0.963206946849823,0.4089256227016449,0.6102443933486938,0.5198367834091187,0.5489569902420044,0.37106531858444214,0.6524827480316162,0.11625156551599503,0.723050594329834,0.4196135401725769,0.6379826068878174,0.44079869985580444,0.8488847613334656,0.37369805574417114,0.6808995604515076,-0.03773459047079086,0.9463602304458618
U19_v2,16,1,0.37775224447250366,0.3890828490257263,-0.009730670601129532,0.9963713884353638,0.3832847774028778,0.3842836320400238,0.020359227433800697,0.9931973218917847,0.3856447637081146,0.384490966796875,0.020299680531024933,0.9923393726348877,0.3879244327545166,0.38457971811294556,0.02026871219277382,0.9937686920166016,0.37621670961380005,0.38366225361824036,0.014736233279109001,0.9915591478347778,0.3741346299648285,0.3835489749908447,0.014653635211288929,0.9912317395210266,0.3698216676712036,0.3833429217338562,0.014545846730470657,0.9937989115715027,0.3886517584323883,0.38732707500457764,0.13951215147972107,0.9942436814308167,0.364459753036499,0.3871905207633972,0.11449675261974335,0.9780699610710144,0.38127583265304565,0.3945086598396301,0.03303404524922371,0.9897010326385498,0.36977237462997437,0.39384725689888,0.025274964049458504,0.9740290641784668,0.41245386004447937,0.4167448878288269,0.11297111958265305,0.9967380166053772,0.3335229456424713,0.43218040466308594,0.09270105510950089,0.9827806949615479,0.41918817162513733,0.373025506734848,-0.0433448925614357,0.902146577835083,0.3608863651752472,0.436284601688385,-0.13035261631011963,0.7446179986000061,0.3450491428375244,0.35989826917648315,-0.0961555689573288,0.7602551579475403,0.3535912036895752,0.3983106017112732,-0.3266195058822632,0.7168630361557007,0.32756489515304565,0.3543033301830292,-0.1255478858947754,0.5852192640304565,0.3514784276485443,0.3881909251213074,-0.3724002540111542,0.6869329810142517,0.3276950418949127,0.3542135953903198,-0.10776945948600769,0.5799273252487183,0.34261852502822876,0.38646307587623596,-0.3625822365283966,0.687716007232666,0.33377090096473694,0.3581726551055908,-0.09365914016962051,0.5686292052268982,0.34550344944000244,0.38995590806007385,-0.3307558000087738,0.6305110454559326,0.4183938205242157,0.512406587600708,-5.0106718845199794e-05,0.9996052384376526,0.3625671863555908,0.5182024836540222,-3.2123090932145715e-05,0.9995003938674927,0.3918333053588867,0.575376570224762,-0.28693848848342896,0.9889988303184509,0.35214123129844666,0.5896267890930176,-0.1641688346862793,0.9700301289558411,0.41035404801368713,0.6351227164268494,-0.07713039219379425,0.9562036395072937,0.3561805188655853,0.6741066575050354,-0.06425941735506058,0.9609972834587097,0.41021740436553955,0.6389229893684387,-0.06021394580602646,0.7082532048225403,0.36037948727607727,0.6802151203155518,-0.0624619759619236,0.6439234018325806,0.41478919982910156,0.6703569889068604,-0.20325197279453278,0.9581102728843689,0.37603604793548584,0.7023305296897888,-0.2332366406917572,0.9378763437271118
U19_v2,17,1,0.3678576350212097,0.39759212732315063,-0.11453785747289658,0.9921320080757141,0.3722684979438782,0.3909482955932617,-0.08179613202810287,0.9894437789916992,0.37575361132621765,0.3905448317527771,-0.08184414356946945,0.9886072278022766,0.3796015977859497,0.39007559418678284,-0.08187210559844971,0.9910067915916443,0.3633403182029724,0.3919721245765686,-0.07946929335594177,0.9902759790420532,0.35995957255363464,0.39237862825393677,-0.07949875295162201,0.9902483820915222,0.3566114604473114,0.39270713925361633,-0.07953143119812012,0.9917421340942383,0.3854178190231323,0.39259618520736694,0.05820440873503685,0.9919054508209229,0.349641889333725,0.39618349075317383,0.06827021390199661,0.9760115146636963,0.3736630082130432,0.403652548789978,-0.06478001177310944,0.9765694737434387,0.36283254623413086,0.4047123193740845,-0.06245500221848488,0.950796902179718,0.41676369309425354,0.4194985628128052,0.04267766326665878,0.9965001344680786,0.33217528462409973,0.44345587491989136,0.09745470434427261,0.9716941118240356,0.4111638069152832,0.3643275797367096,-0.06566599011421204,0.9808035492897034,0.3483424782752991,0.4819423258304596,-0.15619373321533203,0.6668881773948669,0.35691505670547485,0.32940495014190674,-0.03936940059065819,0.9764488935470581,0.3515585660934448,0.43977442383766174,-0.4557206630706787,0.7841936349868774,0.3424556255340576,0.3228359520435333,-0.06521034985780716,0.9286483526229858,0.3536188006401062,0.43188291788101196,-0.5096232295036316,0.7126070857048035,0.3396484851837158,0.323760449886322,-0.04345499351620674,0.921515166759491,0.34960198402404785,0.4279070794582367,-0.49801555275917053,0.7037961483001709,0.34286046028137207,0.32548975944519043,-0.03367706388235092,0.9176497459411621,0.3514794409275055,0.4309576749801636,-0.4603155851364136,0.6503584384918213,0.4095931053161621,0.5242903828620911,-0.027366163209080696,0.9991832375526428,0.35747960209846497,0.5287172794342041,0.02733185701072216,0.9979248046875,0.38984012603759766,0.5909176468849182,-0.2481822520494461,0.98037189245224,0.348059743642807,0.6016693115234375,-0.0865563154220581,0.9251393675804138,0.39500924944877625,0.6710090041160583,-0.15626922249794006,0.9548898339271545,0.3678719997406006,0.6831907033920288,-0.024242712184786797,0.9169930815696716,0.4002670645713806,0.6809514760971069,-0.15603722631931305,0.7378910183906555,0.3761967420578003,0.690741240978241,-0.02616211026906967,0.67322838306427,0.3897189199924469,0.6982856392860413,-0.33523130416870117,0.9455600380897522,0.36052602529525757,0.7103588581085205,-0.19028113782405853,0.9131795763969421
U19_v2,18,1,0.3628639280796051,0.40310758352279663,-0.16219569742679596,0.9993051290512085,0.3689570724964142,0.39578914642333984,-0.1403464376926422,0.9983513355255127,0.37263917922973633,0.39532989263534546,-0.14034634828567505,0.9982720613479614,0.37582170963287354,0.3948094844818115,-0.1402982771396637,0.998336672782898,0.36208850145339966,0.3967018723487854,-0.13060742616653442,0.9988608360290527,0.36038002371788025,0.39686864614486694,-0.1306142807006836,0.9988285899162292,0.35798174142837524,0.3969082236289978,-0.1306535005569458,0.9989683628082275,0.38213789463043213,0.3973461985588074,-0.020547036081552505,0.9974835515022278,0.3590507507324219,0.39925915002822876,0.021717146039009094,0.9985502362251282,0.37109699845314026,0.40857115387916565,-0.11840859055519104,0.9974793791770935,0.36228692531585693,0.40922701358795166,-0.10673174262046814,0.9979324340820312,0.4243040680885315,0.43031981587409973,-0.0464971587061882,0.9989739656448364,0.3429006040096283,0.4430830478668213,0.08418132364749908,0.9985679388046265,0.40894702076911926,0.3724372386932373,-0.17371636629104614,0.991855263710022,0.33040645718574524,0.482137531042099,-0.017584705725312233,0.6971638202667236,0.41427895426750183,0.3204472064971924,-0.2305619865655899,0.9901891350746155,0.3399055600166321,0.5183801651000977,-0.2172108292579651,0.7005789875984192,0.4103630483150482,0.3077024221420288,-0.287299782037735,0.9741683006286621,0.3421233296394348,0.533831000328064,-0.2606259882450104,0.6323996186256409,0.4083862006664276,0.30781248211860657,-0.28436437249183655,0.971796452999115,0.34779447317123413,0.5312016010284424,-0.28227096796035767,0.6425711512565613,0.40882331132888794,0.31264549493789673,-0.23794054985046387,0.972413957118988,0.3481016159057617,0.5276674628257751,-0.2331661432981491,0.6290569305419922,0.4135090112686157,0.5407280325889587,-0.047298990190029144,0.9993569254875183,0.36022672057151794,0.5412233471870422,0.0472404770553112,0.9994285702705383,0.4020508825778961,0.6137685775756836,-0.1021881029009819,0.9884363412857056,0.32637590169906616,0.6155800223350525,-0.018301527947187424,0.9857634902000427,0.3968043327331543,0.6943984031677246,0.1090569794178009,0.9806755185127258,0.3691585958003998,0.6905356645584106,0.21600015461444855,0.9781774282455444,0.3985629081726074,0.7052555084228516,0.12058987468481064,0.8763148188591003,0.37727439403533936,0.6988444328308105,0.2315535694360733,0.9115443229675293,0.3908340632915497,0.713692307472229,-0.054743047803640366,0.9713619351387024,0.3533075749874115,0.7136043906211853,0.08999847620725632,0.9685362577438354
U19_v2,19,1,0.35948246717453003,0.40686851739883423,-0.07920259237289429,0.9996315240859985,0.36924928426742554,0.4011315703392029,-0.07782634347677231,0.9989274144172668,0.37193307280540466,0.4016096591949463,-0.07784441858530045,0.9989792108535767,0.37442871928215027,0.4016421437263489,-0.07788524031639099,0.9990323781967163,0.36329925060272217,0.40094804763793945,-0.04953814297914505,0.9990386962890625,0.36299216747283936,0.4009869694709778,-0.04951253533363342,0.9990515112876892,0.36254605650901794,0.40086668729782104,-0.04953036829829216,0.999206006526947,0.3842279613018036,0.40351438522338867,-0.03720853850245476,0.9984146356582642,0.3691333830356598,0.4035722613334656,0.09007519483566284,0.9987785220146179,0.36690235137939453,0.41260242462158203,-0.062444429844617844,0.9981042146682739,0.36247625946998596,0.4123190939426422,-0.02618282102048397,0.9981945157051086,0.41413256525993347,0.43804049491882324,-0.09914703667163849,0.9998224377632141,0.34885647892951965,0.44887641072273254,0.18035513162612915,0.9994890689849854,0.40881049633026123,0.3804016411304474,-0.2329479455947876,0.9947032332420349,0.3406432867050171,0.4929753839969635,0.16860057413578033,0.3900358974933624,0.44690483808517456,0.3384454548358917,-0.25010642409324646,0.992039680480957,0.32051363587379456,0.5468406081199646,-0.02422395907342434,0.6477549076080322,0.4545837938785553,0.3299127221107483,-0.29980871081352234,0.9791859984397888,0.30859145522117615,0.5599812269210815,-0.05206375941634178,0.6326116323471069,0.4559990167617798,0.330684095621109,-0.2904073894023895,0.9760446548461914,0.3139284551143646,0.5609323382377625,-0.08175782114267349,0.6396700739860535,0.45320314168930054,0.3358840346336365,-0.25226476788520813,0.9743194580078125,0.31830281019210815,0.5581282377243042,-0.04326961562037468,0.6262751817703247,0.4014638662338257,0.5570729970932007,-0.07502483576536179,0.9998846054077148,0.35255905985832214,0.5568873286247253,0.07459734380245209,0.9998431205749512,0.4086206257343292,0.629135251045227,-0.09794610738754272,0.991971492767334,0.301670104265213,0.6285750269889832,0.06135991960763931,0.9850050210952759,0.4060876667499542,0.6917424201965332,0.2210484892129898,0.9802531003952026,0.34762632846832275,0.6843758821487427,0.3949292004108429,0.9710979461669922,0.40950965881347656,0.6974959373474121,0.2475784569978714,0.837221622467041,0.36128711700439453,0.6870953440666199,0.42499804496765137,0.9118065237998962,0.3749590516090393,0.7196996212005615,0.09476140886545181,0.9752208590507507,0.33814477920532227,0.7120925188064575,0.32697945833206177,0.971241295337677
U19_v2,20,0,,,,,,,,,,,,,,,,,,,,,,,,,,,,,,,,,,,,,,,,,,,,,,,,,,,,,,,,,,,,,,,,,,,,,,,,,,,,,,,,,,,,,,,,,,,,,,,,,,,,,,,,,,,,,,,,,,,,,,,,,,,,,,,,,,,,
U19_v2,21,0,,,,,,,,,,,,,,,,,,,,,,,,,,,,,,,,,,,,,,,,,,,,,,,,,,,,,,,,,,,,,,,,,,,,,,,,,,,,,,,,,,,,,,,,,,,,,,,,,,,,,,,,,,,,,,,,,,,,,,,,,,,,,,,,,,,,
U19_v2,22,0,,,,,,,,,,,,,,,,,,,,,,,,,,,,,,,,,,,,,,,,,,,,,,,,,,,,,,,,,,,,,,,,,,,,,,,,,,,,,,,,,,,,,,,,,,,,,,,,,,,,,,,,,,,,,,,,,,,,,,,,,,,,,,,,,,,,
U19_v2,23,0,,,,,,,,,,,,,,,,,,,,,,,,,,,,,,,,,,,,,,,,,,,,,,,,,,,,,,,,,,,,,,,,,,,,,,,,,,,,,,,,,,,,,,,,,,,,,,,,,,,,,,,,,,,,,,,,,,,,,,,,,,,,,,,,,,,,
U19_v2,24,0,,,,,,,,,,,,,,,,,,,,,,,,,,,,,,,,,,,,,,,,,,,,,,,,,,,,,,,,,,,,,,,,,,,,,,,,,,,,,,,,,,,,,,,,,,,,,,,,,,,,,,,,,,,,,,,,,,,,,,,,,,,,,,,,,,,,
U19_v2,25,0,,,,,,,,,,,,,,,,,,,,,,,,,,,,,,,,,,,,,,,,,,,,,,,,,,,,,,,,,,,,,,,,,,,,,,,,,,,,,,,,,,,,,,,,,,,,,,,,,,,,,,,,,,,,,,,,,,,,,,,,,,,,,,,,,,,,
U19_v2,26,0,,,,,,,,,,,,,,,,,,,,,,,,,,,,,,,,,,,,,,,,,,,,,,,,,,,,,,,,,,,,,,,,,,,,,,,,,,,,,,,,,,,,,,,,,,,,,,,,,,,,,,,,,,,,,,,,,,,,,,,,,,,,,,,,,,,,
U19_v2,27,0,,,,,,,,,,,,,,,,,,,,,,,,,,,,,,,,,,,,,,,,,,,,,,,,,,,,,,,,,,,,,,,,,,,,,,,,,,,,,,,,,,,,,,,,,,,,,,,,,,,,,,,,,,,,,,,,,,,,,,,,,,,,,,,,,,,,
U19_v2,28,0,,,,,,,,,,,,,,,,,,,,,,,,,,,,,,,,,,,,,,,,,,,,,,,,,,,,,,,,,,,,,,,,,,,,,,,,,,,,,,,,,,,,,,,,,,,,,,,,,,,,,,,,,,,,,,,,,,,,,,,,,,,,,,,,,,,,
U19_v2,29,0,,,,,,,,,,,,,,,,,,,,,,,,,,,,,,,,,,,,,,,,,,,,,,,,,,,,,,,,,,,,,,,,,,,,,,,,,,,,,,,,,,,,,,,,,,,,,,,,,,,,,,,,,,,,,,,,,,,,,,,,,,,,,,,,,,,,
U19_v2,30,0,,,,,,,,,,,,,,,,,,,,,,,,,,,,,,,,,,,,,,,,,,,,,,,,,,,,,,,,,,,,,,,,,,,,,,,,,,,,,,,,,,,,,,,,,,,,,,,,,,,,,,,,,,,,,,,,,,,,,,,,,,,,,,,,,,,,
U19_v2,31,0,,,,,,,,,,,,,,,,,,,,,,,,,,,,,,,,,,,,,,,,,,,,,,,,,,,,,,,,,,,,,,,,,,,,,,,,,,,,,,,,,,,,,,,,,,,,,,,,,,,,,,,,,,,,,,,,,,,,,,,,,,,,,,,,,,,,
U19_v2,32,0,,,,,,,,,,,,,,,,,,,,,,,,,,,,,,,,,,,,,,,,,,,,,,,,,,,,,,,,,,,,,,,,,,,,,,,,,,,,,,,,,,,,,,,,,,,,,,,,,,,,,,,,,,,,,,,,,,,,,,,,,,,,,,,,,,,,
U19_v2,33,0,,,,,,,,,,,,,,,,,,,,,,,,,,,,,,,,,,,,,,,,,,,,,,,,,,,,,,,,,,,,,,,,,,,,,,,,,,,,,,,,,,,,,,,,,,,,,,,,,,,,,,,,,,,,,,,,,,,,,,,,,,,,,,,,,,,,
U19_v2,34,0,,,,,,,,,,,,,,,,,,,,,,,,,,,,,,,,,,,,,,,,,,,,,,,,,,,,,,,,,,,,,,,,,,,,,,,,,,,,,,,,,,,,,,,,,,,,,,,,,,,,,,,,,,,,,,,,,,,,,,,,,,,,,,,,,,,,
U19_v2,35,0,,,,,,,,,,,,,,,,,,,,,,,,,,,,,,,,,,,,,,,,,,,,,,,,,,,,,,,,,,,,,,,,,,,,,,,,,,,,,,,,,,,,,,,,,,,,,,,,,,,,,,,,,,,,,,,,,,,,,,,,,,,,,,,,,,,,
U19_v2,36,0,,,,,,,,,,,,,,,,,,,,,,,,,,,,,,,,,,,,,,,,,,,,,,,,,,,,,,,,,,,,,,,,,,,,,,,,,,,,,,,,,,,,,,,,,,,,,,,,,,,,,,,,,,,,,,,,,,,,,,,,,,,,,,,,,,,,
U19_v2,37,0,,,,,,,,,,,,,,,,,,,,,,,,,,,,,,,,,,,,,,,,,,,,,,,,,,,,,,,,,,,,,,,,,,,,,,,,,,,,,,,,,,,,,,,,,,,,,,,,,,,,,,,,,,,,,,,,,,,,,,,,,,,,,,,,,,,,
U19_v2,38,0,,,,,,,,,,,,,,,,,,,,,,,,,,,,,,,,,,,,,,,,,,,,,,,,,,,,,,,,,,,,,,,,,,,,,,,,,,,,,,,,,,,,,,,,,,,,,,,,,,,,,,,,,,,,,,,,,,,,,,,,,,,,,,,,,,,,
U19_v2,39,0,,,,,,,,,,,,,,,,,,,,,,,,,,,,,,,,,,,,,,,,,,,,,,,,,,,,,,,,,,,,,,,,,,,,,,,,,,,,,,,,,,,,,,,,,,,,,,,,,,,,,,,,,,,,,,,,,,,,,,,,,,,,,,,,,,,,
U19_v2,40,0,,,,,,,,,,,,,,,,,,,,,,,,,,,,,,,,,,,,,,,,,,,,,,,,,,,,,,,,,,,,,,,,,,,,,,,,,,,,,,,,,,,,,,,,,,,,,,,,,,,,,,,,,,,,,,,,,,,,,,,,,,,,,,,,,,,,
U19_v2,41,0,,,,,,,,,,,,,,,,,,,,,,,,,,,,,,,,,,,,,,,,,,,,,,,,,,,,,,,,,,,,,,,,,,,,,,,,,,,,,,,,,,,,,,,,,,,,,,,,,,,,,,,,,,,,,,,,,,,,,,,,,,,,,,,,,,,,
U19_v2,42,0,,,,,,,,,,,,,,,,,,,,,,,,,,,,,,,,,,,,,,,,,,,,,,,,,,,,,,,,,,,,,,,,,,,,,,,,,,,,,,,,,,,,,,,,,,,,,,,,,,,,,,,,,,,,,,,,,,,,,,,,,,,,,,,,,,,,
U19_v2,43,0,,,,,,,,,,,,,,,,,,,,,,,,,,,,,,,,,,,,,,,,,,,,,,,,,,,,,,,,,,,,,,,,,,,,,,,,,,,,,,,,,,,,,,,,,,,,,,,,,,,,,,,,,,,,,,,,,,,,,,,,,,,,,,,,,,,,
U19_v2,44,0,,,,,,,,,,,,,,,,,,,,,,,,,,,,,,,,,,,,,,,,,,,,,,,,,,,,,,,,,,,,,,,,,,,,,,,,,,,,,,,,,,,,,,,,,,,,,,,,,,,,,,,,,,,,,,,,,,,,,,,,,,,,,,,,,,,,
U19_v2,45,0,,,,,,,,,,,,,,,,,,,,,,,,,,,,,,,,,,,,,,,,,,,,,,,,,,,,,,,,,,,,,,,,,,,,,,,,,,,,,,,,,,,,,,,,,,,,,,,,,,,,,,,,,,,,,,,,,,,,,,,,,,,,,,,,,,,,
U19_v2,46,0,,,,,,,,,,,,,,,,,,,,,,,,,,,,,,,,,,,,,,,,,,,,,,,,,,,,,,,,,,,,,,,,,,,,,,,,,,,,,,,,,,,,,,,,,,,,,,,,,,,,,,,,,,,,,,,,,,,,,,,,,,,,,,,,,,,,
U19_v2,47,0,,,,,,,,,,,,,,,,,,,,,,,,,,,,,,,,,,,,,,,,,,,,,,,,,,,,,,,,,,,,,,,,,,,,,,,,,,,,,,,,,,,,,,,,,,,,,,,,,,,,,,,,,,,,,,,,,,,,,,,,,,,,,,,,,,,,
U19_v2,48,0,,,,,,,,,,,,,,,,,,,,,,,,,,,,,,,,,,,,,,,,,,,,,,,,,,,,,,,,,,,,,,,,,,,,,,,,,,,,,,,,,,,,,,,,,,,,,,,,,,,,,,,,,,,,,,,,,,,,,,,,,,,,,,,,,,,,
U19_v2,49,0,,,,,,,,,,,,,,,,,,,,,,,,,,,,,,,,,,,,,,,,,,,,,,,,,,,,,,,,,,,,,,,,,,,,,,,,,,,,,,,,,,,,,,,,,,,,,,,,,,,,,,,,,,,,,,,,,,,,,,,,,,,,,,,,,,,,
U19_v2,50,0,,,,,,,,,,,,,,,,,,,,,,,,,,,,,,,,,,,,,,,,,,,,,,,,,,,,,,,,,,,,,,,,,,,,,,,,,,,,,,,,,,,,,,,,,,,,,,,,,,,,,,,,,,,,,,,,,,,,,,,,,,,,,,,,,,,,
U19_v2,51,0,,,,,,,,,,,,,,,,,,,,,,,,,,,,,,,,,,,,,,,,,,,,,,,,,,,,,,,,,,,,,,,,,,,,,,,,,,,,,,,,,,,,,,,,,,,,,,,,,,,,,,,,,,,,,,,,,,,,,,,,,,,,,,,,,,,,
U19_v2,52,0,,,,,,,,,,,,,,,,,,,,,,,,,,,,,,,,,,,,,,,,,,,,,,,,,,,,,,,,,,,,,,,,,,,,,,,,,,,,,,,,,,,,,,,,,,,,,,,,,,,,,,,,,,,,,,,,,,,,,,,,,,,,,,,,,,,,
U19_v2,53,0,,,,,,,,,,,,,,,,,,,,,,,,,,,,,,,,,,,,,,,,,,,,,,,,,,,,,,,,,,,,,,,,,,,,,,,,,,,,,,,,,,,,,,,,,,,,,,,,,,,,,,,,,,,,,,,,,,,,,,,,,,,,,,,,,,,,
U19_v2,54,0,,,,,,,,,,,,,,,,,,,,,,,,,,,,,,,,,,,,,,,,,,,,,,,,,,,,,,,,,,,,,,,,,,,,,,,,,,,,,,,,,,,,,,,,,,,,,,,,,,,,,,,,,,,,,,,,,,,,,,,,,,,,,,,,,,,,
U19_v2,55,0,,,,,,,,,,,,,,,,,,,,,,,,,,,,,,,,,,,,,,,,,,,,,,,,,,,,,,,,,,,,,,,,,,,,,,,,,,,,,,,,,,,,,,,,,,,,,,,,,,,,,,,,,,,,,,,,,,,,,,,,,,,,,,,,,,,,
U19_v2,56,0,,,,,,,,,,,,,,,,,,,,,,,,,,,,,,,,,,,,,,,,,,,,,,,,,,,,,,,,,,,,,,,,,,,,,,,,,,,,,,,,,,,,,,,,,,,,,,,,,,,,,,,,,,,,,,,,,,,,,,,,,,,,,,,,,,,,
U19_v2,57,0,,,,,,,,,,,,,,,,,,,,,,,,,,,,,,,,,,,,,,,,,,,,,,,,,,,,,,,,,,,,,,,,,,,,,,,,,,,,,,,,,,,,,,,,,,,,,,,,,,,,,,,,,,,,,,,,,,,,,,,,,,,,,,,,,,,,
U19_v2,58,0,,,,,,,,,,,,,,,,,,,,,,,,,,,,,,,,,,,,,,,,,,,,,,,,,,,,,,,,,,,,,,,,,,,,,,,,,,,,,,,,,,,,,,,,,,,,,,,,,,,,,,,,,,,,,,,,,,,,,,,,,,,,,,,,,,,,
U19_v2,59,0,,,,,,,,,,,,,,,,,,,,,,,,,,,,,,,,,,,,,,,,,,,,,,,,,,,,,,,,,,,,,,,,,,,,,,,,,,,,,,,,,,,,,,,,,,,,,,,,,,,,,,,,,,,,,,,,,,,,,,,,,,,,,,,,,,,,
U19_v2,60,0,,,,,,,,,,,,,,,,,,,,,,,,,,,,,,,,,,,,,,,,,,,,,,,,,,,,,,,,,,,,,,,,,,,,,,,,,,,,,,,,,,,,,,,,,,,,,,,,,,,,,,,,,,,,,,,,,,,,,,,,,,,,,,,,,,,,
U19_v2,61,0,,,,,,,,,,,,,,,,,,,,,,,,,,,,,,,,,,,,,,,,,,,,,,,,,,,,,,,,,,,,,,,,,,,,,,,,,,,,,,,,,,,,,,,,,,,,,,,,,,,,,,,,,,,,,,,,,,,,,,,,,,,,,,,,,,,,
U19_v2,62,0,,,,,,,,,,,,,,,,,,,,,,,,,,,,,,,,,,,,,,,,,,,,,,,,,,,,,,,,,,,,,,,,,,,,,,,,,,,,,,,,,,,,,,,,,,,,,,,,,,,,,,,,,,,,,,,,,,,,,,,,,,,,,,,,,,,,
